combined_id,slab_number,batch_number,material_name,colour_family,size_mm,thickness_mm,finish,location,received_date,notes
01345/6233,01345,6233,Apollo Super Jumbo ,,3450x1940,20,,Bellagio Yard,,
01488/6233,01488,6233,Apollo Super Jumbo ,,3450x1940,20,,Bellagio Yard,,
01496/6233,01496,6233,Apollo Super Jumbo ,,3450x1940,20,,Bellagio Yard,,
01500/6233,01500,6233,Apollo Super Jumbo ,,3450x1940,20,,Bellagio Yard,,
01501/6233,01501,6233,Apollo Super Jumbo ,,3450x1940,20,,Bellagio Yard,,
01518/6233,01518,6233,Apollo Super Jumbo ,,3450x1940,20,,Bellagio Yard,,
01520/6233,01520,6233,Apollo Super Jumbo ,,3450x1940,20,,Bellagio Yard,,
02231/6264,02231,6264,Apollo Super Jumbo ,,3450x1940,20,,Bellagio Yard,,
02232/6264,02232,6264,Apollo Super Jumbo ,,3450x1940,20,,Bellagio Yard,,
02276/6264,02276,6264,Apollo Super Jumbo ,,3450x1940,20,,Bellagio Yard,,
02277/6264,02277,6264,Apollo Super Jumbo ,,3450x1940,20,,Bellagio Yard,,
02279/6264,02279,6264,Apollo Super Jumbo ,,3450x1940,20,,Bellagio Yard,,
02280/6264,02280,6264,Apollo Super Jumbo ,,3450x1940,20,,Bellagio Yard,,
02281/6264,02281,6264,Apollo Super Jumbo ,,3450x1940,20,,Bellagio Yard,,
02282/6264,02282,6264,Apollo Super Jumbo ,,3450x1940,20,,Bellagio Yard,,
02283/6264,02283,6264,Apollo Super Jumbo ,,3450x1940,20,,Bellagio Yard,,
02284/6264,02284,6264,Apollo Super Jumbo ,,3450x1940,20,,Bellagio Yard,,
02285/6264,02285,6264,Apollo Super Jumbo ,,3450x1940,20,,Bellagio Yard,,
02286/6264,02286,6264,Apollo Super Jumbo ,,3450x1940,20,,Bellagio Yard,,
02287/6264,02287,6264,Apollo Super Jumbo ,,3450x1940,20,,Bellagio Yard,,
02288/6264,02288,6264,Apollo Super Jumbo ,,3450x1940,20,,Bellagio Yard,,
02289//6264,02289,,Apollo Super Jumbo ,,3450x1940,20,,Bellagio Yard,,
02296/6264,02296,6264,Apollo Super Jumbo ,,3450x1940,20,,Bellagio Yard,,
02297/6264,02297,6264,Apollo Super Jumbo ,,3450x1940,20,,Bellagio Yard,,
02298/6264,02298,6264,Apollo Super Jumbo ,,3450x1940,20,,Bellagio Yard,,
02303/6264,02303,6264,Apollo Super Jumbo ,,3450x1940,20,,Bellagio Yard,,
02307/6264,02307,6264,Apollo Super Jumbo ,,3450x1940,20,,Bellagio Yard,,
02334/6264,02334,6264,Apollo Super Jumbo ,,3450x1940,30,,Bellagio Yard,,
02335/6264,02335,6264,Apollo Super Jumbo ,,3450x1940,30,,Bellagio Yard,,
02336/6264,02336,6264,Apollo Super Jumbo ,,3450x1940,30,,Bellagio Yard,,
13576/5977,13576,5977,Apollo Super Jumbo ,,3450x1940,30,,Bellagio Yard,,
16275/6077,16275,6077,Apollo Super Jumbo ,,3450x1940,30,,Bellagio Yard,,
16559/6099,16559,6099,Apollo Super Jumbo ,,3450x1940,30,,Bellagio Yard,,
16560/6099,16560,6099,Apollo Super Jumbo ,,3450x1940,30,,Bellagio Yard,,
16561/6099,16561,6099,Apollo Super Jumbo ,,3450x1940,30,,Bellagio Yard,,
16562/6099,16562,6099,Apollo Super Jumbo ,,3450x1940,30,,Bellagio Yard,,
16566/6099,16566,6099,Apollo Super Jumbo ,,3450x1940,30,,Bellagio Yard,,
20014/5417,20014,5417,Apollo Super Jumbo ,,3450x1940,30,,Bellagio Yard,,
17354/3963,17354,3963,Bianco Carrara Jumbo ,,3150x1600,20,,Bellagio Yard,,
17346/3963,17346,3963,Bianco Carrara Jumbo ,,3200x1600,20,,Bellagio Yard,,
4787/5906,4787,5906,Bianco Carrara Jumbo ,,3200x1600,20,,Bellagio Yard,,
4871/5906,4871,5906,Bianco Carrara Jumbo ,,3200x1600,20,,Bellagio Yard,,
4876/5906,4876,5906,Bianco Carrara Jumbo ,,3200x1600,20,,Bellagio Yard,,
4877/5906,4877,5906,Bianco Carrara Jumbo ,,3200x1600,20,,Bellagio Yard,,
4898/5906,4898,5906,Bianco Carrara Jumbo ,,3200x1600,20,,Bellagio Yard,,
7303/6042,7303,6042,Bianco Carrara Jumbo ,,3200x1600,20,,Bellagio Yard,,
6443/5981,6443,5981,Black Mirror Jumbo ,,3200x1600,20,,Bellagio Yard,,
6444/5981,6444,5981,Black Mirror Jumbo ,,3200x1600,20,,Bellagio Yard,,
6445/5981,6445,5981,Black Mirror Jumbo ,,3200x1600,20,,Bellagio Yard,,
7855/6083,7855,6083,Black Mirror Jumbo ,,3200x1600,20,,Bellagio Yard,,
7860/6083,7860,6083,Black Mirror Jumbo ,,3200x1600,20,,Bellagio Yard,,
7863/6083,7863,6083,Black Mirror Jumbo ,,3200x1600,20,,Bellagio Yard,,
872/5644,872,5644,Black Mirror Jumbo ,,3200x1600,30,,Bellagio Yard,,
971/5618,971,5618,Black Mirror Super Jumbo ,,3450x1940,30,,Bellagio Yard,,
974/5618,974,5618,Black Mirror Super Jumbo ,,3450x1940,30,,Bellagio Yard,,
240820,240820,,Calacatta Majestic ,,3200x1600,20,,Bellagio Yard,,
240820,240820,,Calacatta Majestic ,,3200x1600,30,,Bellagio Yard,,
240820,240820,,Calacatta Majestic ,,3200x1600,30,,Bellagio Yard,,
03131/1933,03131,1933,Calacatta Nova Super Jumbo ,,3450x1940,20,,Bellagio Yard,,
04538/A1962,04538,A1962,Calacatta Nova Super Jumbo ,,3450x1940,20,,Bellagio Yard,,
04541/A1962,04541,A1962,Calacatta Nova Super Jumbo ,,3450x1940,20,,Bellagio Yard,,
04544/A1962,04544,A1962,Calacatta Nova Super Jumbo ,,3450x1940,20,,Bellagio Yard,,
04546/A1962,04546,A1962,Calacatta Nova Super Jumbo ,,3450x1940,20,,Bellagio Yard,,
04550/A1962,04550,A1962,Calacatta Nova Super Jumbo ,,3450x1940,20,,Bellagio Yard,,
04551/A1962,04551,A1962,Calacatta Nova Super Jumbo ,,3450x1940,20,,Bellagio Yard,,
04553/A1962,04553,A1962,Calacatta Nova Super Jumbo ,,3450x1940,20,,Bellagio Yard,,
10738/1560,10738,1560,Calacatta Nova Super Jumbo ,,3450x1940,30,,Bellagio Yard,,
10798/1560,10798,1560,Calacatta Nova Super Jumbo ,,3450x1940,30,,Bellagio Yard,,
13065/1608,13065,1608,Calacatta Nova Super Jumbo ,,3450x1940,30,,Bellagio Yard,,
13071/1608,13071,1608,Calacatta Nova Super Jumbo ,,3450x1940,30,,Bellagio Yard,,
13074/1608,13074,1608,Calacatta Nova Super Jumbo ,,3450x1940,30,,Bellagio Yard,,
13079/1608,13079,1608,Calacatta Nova Super Jumbo ,,3450x1940,30,,Bellagio Yard,,
16814/1679,16814,1679,Calacatta Nova Super Jumbo ,,3450x1940,30,,Bellagio Yard,,
19245/1727,19245,1727,Calacatta Nova Super Jumbo ,,3450x1940,30,,Bellagio Yard,,
19281/1727,19281,1727,Calacatta Nova Super Jumbo ,,3450x1940,30,,Bellagio Yard,,
20230313,20230313,,Calacatta Oro,,3200x1600,30,,Bellagio Yard,,
20231229,20231229,,Calacatta Oro,,3200x1600,20,,Bellagio Yard,,
20240325,20240325,,Calacatta Oro,,3200x1600,30,,Bellagio Yard,,
20250302,20250302,,Calacatta Oro,,3200x1600,20,,Bellagio Yard,,
20250302,20250302,,Calacatta Oro,,3200x1600,20,,Bellagio Yard,,
20250302,20250302,,Calacatta Oro,,3200x1600,20,,Bellagio Yard,,
20250302,20250302,,Calacatta Oro,,3200x1600,20,,Bellagio Yard,,
20250302,20250302,,Calacatta Oro,,3200x1600,20,,Bellagio Yard,,
20250302,20250302,,Calacatta Oro,,3200x1600,20,,Bellagio Yard,,
20250302,20250302,,Calacatta Oro,,3200x1600,20,,Bellagio Yard,,
20250302,20250302,,Calacatta Oro,,3200x1600,20,,Bellagio Yard,,
20250302,20250302,,Calacatta Oro,,3200x1600,20,,Bellagio Yard,,
13016/1063,13016,1063,Calacatta Rose Gold,,3200x1600,20,,Bellagio Yard,,
13022/1063,13022,1063,Calacatta Rose Gold,,3200x1600,20,,Bellagio Yard,,
13023/1063,13023,1063,Calacatta Rose Gold,,3200x1600,20,,Bellagio Yard,,
7913/5833,7913,5833,Calacatta Venato,,3150x1600,30,,Bellagio Yard,,
7922/5833,7922,5833,Calacatta Venato,,3180x1600,30,,Bellagio Yard,,
12972/5954,12972,5954,Calacatta Venato,,3200x1600,20,,Bellagio Yard,,
13043/5954,13043,5954,Calacatta Venato,,3200x1600,30,,Bellagio Yard,,
13927/5994,13927,5994,Calacatta Venato,,3200x1600,20,,Bellagio Yard,,
15745/6059,15745,6059,Calacatta Venato,,3200x1600,20,,Bellagio Yard,,
15767/6059,15767,6059,Calacatta Venato,,3200x1600,20,,Bellagio Yard,,
17378/6152,17378,6152,Calacatta Venato,,3200x1600,20,,Bellagio Yard,,
17383/6152,17383,6152,Calacatta Venato,,3200x1600,20,,Bellagio Yard,,
17385/6152,17385,6152,Calacatta Venato,,3200x1600,20,,Bellagio Yard,,
17386/6152,17386,6152,Calacatta Venato,,3200x1600,20,,Bellagio Yard,,
17389/6152,17389,6152,Calacatta Venato,,3200x1600,20,,Bellagio Yard,,
17401/6152,17401,6152,Calacatta Venato,,3200x1600,20,,Bellagio Yard,,
17405/6152,17405,6152,Calacatta Venato,,3200x1600,20,,Bellagio Yard,,
17407/6152,17407,6152,Calacatta Venato,,3200x1600,20,,Bellagio Yard,,
17408/6152,17408,6152,Calacatta Venato,,3200x1600,20,,Bellagio Yard,,
17409/6152,17409,6152,Calacatta Venato,,3200x1600,20,,Bellagio Yard,,
17412/6152,17412,6152,Calacatta Venato,,3200x1600,20,,Bellagio Yard,,
17416/6152,17416,6152,Calacatta Venato,,3200x1600,20,,Bellagio Yard,,
17420/6152,17420,6152,Calacatta Venato,,3200x1600,20,,Bellagio Yard,,
17421/6152,17421,6152,Calacatta Venato,,3200x1600,20,,Bellagio Yard,,
17423/6152,17423,6152,Calacatta Venato,,3200x1600,20,,Bellagio Yard,,
17428/6152,17428,6152,Calacatta Venato,,3200x1600,20,,Bellagio Yard,,
17432/6152,17432,6152,Calacatta Venato,,3200x1600,20,,Bellagio Yard,,
17433/6152,17433,6152,Calacatta Venato,,3200x1600,20,,Bellagio Yard,,
17434/6152,17434,6152,Calacatta Venato,,3200x1600,20,,Bellagio Yard,,
17435/6152,17435,6152,Calacatta Venato,,3200x1600,20,,Bellagio Yard,,
7912/5833,7912,5833,Calacatta Venato,,3200x1600,30,,Bellagio Yard,,
7931/5833,7931,5833,Calacatta Venato,,3200x1600,30,,Bellagio Yard,,
03547/A1942,03547,A1942,Calacatta Vienna,,3200x1600,20,,Bellagio Yard,,
03549/A1942,03549,A1942,Calacatta Vienna,,3200x1600,20,,Bellagio Yard,,
03551/A1942,03551,A1942,Calacatta Vienna,,3200x1600,20,,Bellagio Yard,,
03553/A1942,03553,A1942,Calacatta Vienna,,3200x1600,20,,Bellagio Yard,,
03588/A1942,03588,A1942,Calacatta Vienna,,3200x1600,20,,Bellagio Yard,,
070/1334,070,1334,Calacatta Vienna,,3200x1600,30,,Bellagio Yard,,
14744/A1615,14744,A1615,Calacatta Vienna,,3200x1600,30,,Bellagio Yard,,
14754/A1615,14754,A1615,Calacatta Vienna,,3200x1600,30,,Bellagio Yard,,
14755/A1615,14755,A1615,Calacatta Vienna,,3200x1600,30,,Bellagio Yard,,
14762/A1615,14762,A1615,Calacatta Vienna,,3200x1600,30,,Bellagio Yard,,
19300/1205,19300,1205,Calacatta Vienna,,3200x1600,30,,Bellagio Yard,,
19315/1205,19315,1205,Calacatta Vienna ,,3200x1600,30,,Bellagio Yard,,
3791/1416,3791,1416,Calacatta Vienna Super Jumbo,,3450x1940,30,,Bellagio Yard,,
23133/1822,23133,1822,Calacatta Vienna Super Jumbo ,,3450x1940,20,,Bellagio Yard,,
2955/5736,2955,5736,Carina Jumbo ,,3150x1600,30,,Bellagio Yard,,
01698/6245,01698,6245,Carina Jumbo ,,3200x1600,20,,Bellagio Yard,,
01741/6245,01741,6245,Carina Jumbo ,,3200x1600,20,,Bellagio Yard,,
01746/6245,01746,6245,Carina Jumbo ,,3200x1600,20,,Bellagio Yard,,
01751/6245,01751,6245,Carina Jumbo ,,3200x1600,20,,Bellagio Yard,,
15296/6043,15296,6043,Carina Jumbo ,,3200x1600,30,,Bellagio Yard,,
15353/6043,15353,6043,Carina Jumbo ,,3200x1600,30,,Bellagio Yard,,
11475/5432,11475,5432,Cashmere Jumbo ,,3200x1600,30,,Bellagio Yard,,
17165/6146,17165,6146,Cashmere Jumbo ,,3200x1600,20,,Bellagio Yard,,
17167/6146,17167,6146,Cashmere Jumbo ,,3200x1600,20,,Bellagio Yard,,
17168/6146,17168,6146,Cashmere Jumbo ,,3200x1600,20,,Bellagio Yard,,
17171/6146,17171,6146,Cashmere Jumbo ,,3200x1600,20,,Bellagio Yard,,
17172/6146,17172,6146,Cashmere Jumbo ,,3200x1600,20,,Bellagio Yard,,
17173/6146,17173,6146,Cashmere Jumbo ,,3200x1600,20,,Bellagio Yard,,
17174/6146,17174,6146,Cashmere Jumbo ,,3200x1600,20,,Bellagio Yard,,
17177/6146,17177,6146,Cashmere Jumbo ,,3200x1600,20,,Bellagio Yard,,
17179/6146,17179,6146,Cashmere Jumbo ,,3200x1600,20,,Bellagio Yard,,
17181/6146,17181,6146,Cashmere Jumbo ,,3200x1600,20,,Bellagio Yard,,
17185/6146,17185,6146,Cashmere Jumbo ,,3200x1600,20,,Bellagio Yard,,
17190/6146,17190,6146,Cashmere Jumbo ,,3200x1600,20,,Bellagio Yard,,
17197/6146,17197,6146,Cashmere Jumbo ,,3200x1600,20,,Bellagio Yard,,
17199/6146,17199,6146,Cashmere Jumbo ,,3200x1600,20,,Bellagio Yard,,
17233/6146,17233,6146,Cashmere Jumbo ,,3200x1600,20,,Bellagio Yard,,
17235/6146,17235,6146,Cashmere Jumbo ,,3200x1600,20,,Bellagio Yard,,
2989/5747,2989,5747,Cashmere Jumbo ,,3200x1600,20,,Bellagio Yard,,
3001/5747,3001,5747,Cashmere Jumbo ,,3200x1600,20,,Bellagio Yard,,
3002/5747,3002,5747,Cashmere Jumbo ,,3200x1600,20,,Bellagio Yard,,
3055/5747,3055,5747,Cashmere Jumbo ,,3200x1600,20,,Bellagio Yard,,
00759/9075,00759,9075,Cashmere Super Jumbo ,,3450x1940,20,,Bellagio Yard,,
00779/6214,00779,6214,Cashmere Super Jumbo ,,3450x1940,20,,Bellagio Yard,,
15985/6061,15985,6061,Cashmere Super Jumbo ,,3450x1940,30,,Bellagio Yard,,
15987/6061,15987,6061,Cashmere Super Jumbo ,,3450x1940,30,,Bellagio Yard,,
15991/6061,15991,6061,Cashmere Super Jumbo ,,3450x1940,30,,Bellagio Yard,,
15998/6061,15998,6061,Cashmere Super Jumbo ,,3450x1940,30,,Bellagio Yard,,
16013/6061,16013,6061,Cashmere Super Jumbo ,,3450x1940,30,,Bellagio Yard,,
16992/6135,16992,6135,Cashmere Super Jumbo ,,3450x1940,30,,Bellagio Yard,,
16995/6135,16995,6135,Cashmere Super Jumbo ,,3450x1940,30,,Bellagio Yard,,
16996/6135,16996,6135,Cashmere Super Jumbo ,,3450x1940,30,,Bellagio Yard,,
16997/6135,16997,6135,Cashmere Super Jumbo ,,3450x1940,30,,Bellagio Yard,,
16998/6135,16998,6135,Cashmere Super Jumbo ,,3450x1940,30,,Bellagio Yard,,
17003/6135,17003,6135,Cashmere Super Jumbo ,,3450x1940,30,,Bellagio Yard,,
17304/6149,17304,6149,Cashmere Super Jumbo ,,3450x1940,20,,Bellagio Yard,,
17308/6149,17308,6149,Cashmere Super Jumbo ,,3450x1940,20,,Bellagio Yard,,
17310/6149,17310,6149,Cashmere Super Jumbo ,,3450x1940,20,,Bellagio Yard,,
17317/6149,17317,6149,Cashmere Super Jumbo ,,3450x1940,20,,Bellagio Yard,,
17318/6149,17318,6149,Cashmere Super Jumbo ,,3450x1940,20,,Bellagio Yard,,
00706/6232,00706,6232,Grey Starlight Jumbo ,,3170x1600,20,,Bellagio Yard,,
00678/6232,00678,6232,Grey Starlight Jumbo ,,3200x1600,20,,Bellagio Yard,,
00679/6232,00679,6232,Grey Starlight Jumbo ,,3200x1600,20,,Bellagio Yard,,
00694/6232,00694,6232,Grey Starlight Jumbo ,,3200x1600,20,,Bellagio Yard,,
00695/6232,00695,6232,Grey Starlight Jumbo ,,3200x1600,20,,Bellagio Yard,,
00696/6232,00696,6232,Grey Starlight Jumbo ,,3200x1600,20,,Bellagio Yard,,
00697/6232,00697,6232,Grey Starlight Jumbo ,,3200x1600,20,,Bellagio Yard,,
00700/6232,00700,6232,Grey Starlight Jumbo ,,3200x1600,20,,Bellagio Yard,,
00701/6232,00701,6232,Grey Starlight Jumbo ,,3200x1600,20,,Bellagio Yard,,
13661/9014,13661,9014,Grey Starlight Jumbo ,,3200x1600,30,,Bellagio Yard,,
34578/8236,34578,8236,Grey Starlight Jumbo ,,3200x1600,30,,Bellagio Yard,,
34591/8236,34591,8236,Grey Starlight Jumbo ,,3200x1600,30,,Bellagio Yard,,
05184/A1978,05184,A1978,Harmony Gold,,3200x1600,20,,Bellagio Yard,,
05217/A1978,05217,A1978,Harmony Gold,,3200x1600,20,,Bellagio Yard,,
05220/A1978,05220,A1978,Harmony Gold,,3200x1600,20,,Bellagio Yard,,
05238/A1978,05238,A1978,Harmony Gold,,3200x1600,20,,Bellagio Yard,,
05239/A1978,05239,A1978,Harmony Gold,,3200x1600,20,,Bellagio Yard,,
8231/6064,8231,6064,Ice White ,,3200x1600,30,,Bellagio Yard,,
8251/6064,8251,6064,Ice White ,,3200x1600,30,,Bellagio Yard,,
4703,4703,,Ice White Super Jumbo ,,3450x1940,20,,Bellagio Yard,,
03444/B522,03444,B522,Ice White Super Jumbo ,,3450x1940,20,,Bellagio Yard,,
03448/B522,03448,B522,Ice White Super Jumbo ,,3450x1940,20,,Bellagio Yard,,
03451/B522,03451,B522,Ice White Super Jumbo ,,3450x1940,20,,Bellagio Yard,,
03452/B522,03452,B522,Ice White Super Jumbo ,,3450x1940,20,,Bellagio Yard,,
03461/B522,03461,B522,Ice White Super Jumbo ,,3450x1940,20,,Bellagio Yard,,
03469/B522,03469,B522,Ice White Super Jumbo ,,3450x1940,20,,Bellagio Yard,,
03470/B522,03470,B522,Ice White Super Jumbo ,,3450x1940,20,,Bellagio Yard,,
03471/B522,03471,B522,Ice White Super Jumbo ,,3450x1940,20,,Bellagio Yard,,
03472/B522,03472,B522,Ice White Super Jumbo ,,3450x1940,20,,Bellagio Yard,,
03473/B522,03473,B522,Ice White Super Jumbo ,,3450x1940,20,,Bellagio Yard,,
03475/B522,03475,B522,Ice White Super Jumbo ,,3450x1940,20,,Bellagio Yard,,
03487/B522,03487,B522,Ice White Super Jumbo ,,3450x1940,20,,Bellagio Yard,,
03492/B522,03492,B522,Ice White Super Jumbo ,,3450x1940,20,,Bellagio Yard,,
03495/B522,03495,B522,Ice White Super Jumbo ,,3450x1940,20,,Bellagio Yard,,
03501/B522,03501,B522,Ice White Super Jumbo ,,3450x1940,20,,Bellagio Yard,,
03502/B522,03502,B522,Ice White Super Jumbo ,,3450x1940,20,,Bellagio Yard,,
03504/B522,03504,B522,Ice White Super Jumbo ,,3450x1940,20,,Bellagio Yard,,
03505/B522,03505,B522,Ice White Super Jumbo ,,3450x1940,20,,Bellagio Yard,,
03512/B522,03512,B522,Ice White Super Jumbo ,,3450x1940,20,,Bellagio Yard,,
03513/B522,03513,B522,Ice White Super Jumbo ,,3450x1940,20,,Bellagio Yard,,
03514/B522,03514,B522,Ice White Super Jumbo ,,3450x1940,20,,Bellagio Yard,,
03515/B522,03515,B522,Ice White Super Jumbo ,,3450x1940,20,,Bellagio Yard,,
03516/B522,03516,B522,Ice White Super Jumbo ,,3450x1940,20,,Bellagio Yard,,
03518/B522,03518,B522,Ice White Super Jumbo ,,3450x1940,20,,Bellagio Yard,,
03519/B522,03519,B522,Ice White Super Jumbo ,,3450x1940,20,,Bellagio Yard,,
03522/B522,03522,B522,Ice White Super Jumbo ,,3450x1940,20,,Bellagio Yard,,
10055/5879,10055,5879,Ice White Super Jumbo ,,3450x1940,30,,Bellagio Yard,,
10057/5879,10057,5879,Ice White Super Jumbo ,,3450x1940,30,,Bellagio Yard,,
10069/5879,10069,5879,Ice White Super Jumbo ,,3450x1940,30,,Bellagio Yard,,
10139/5879,10139,5879,Ice White Super Jumbo ,,3450x1940,30,,Bellagio Yard,,
13725/5988,13725,5988,Ice White Super Jumbo ,,3450x1940,30,,Bellagio Yard,,
13726/5988,13726,5988,Ice White Super Jumbo ,,3450x1940,30,,Bellagio Yard,,
13729/5988,13729,5988,Ice White Super Jumbo ,,3450x1940,30,,Bellagio Yard,,
13731/5988,13731,5988,Ice White Super Jumbo ,,3450x1940,30,,Bellagio Yard,,
13742/5988,13742,5988,Ice White Super Jumbo ,,3450x1940,30,,Bellagio Yard,,
3837/5709,3837,5709,Ice White Super Jumbo ,,3450x1940,30,,Bellagio Yard,,
9346/5879,9346,5879,Ice White Super Jumbo ,,3450x1940,20,,Bellagio Yard,,
7324,7324,,Imperial,,3200x1600,20,,Bellagio Yard,,
20220910,20220910,,Moon Rock,,3200x1600,20,,Bellagio Yard,,
02911/6288,02911,6288,Pure White Jumbo ,,3200x1600,20,,Bellagio Yard,,
02914/6288,02914,6288,Pure White Jumbo ,,3200x1600,20,,Bellagio Yard,,
02917/6288,02917,6288,Pure White Jumbo ,,3200x1600,20,,Bellagio Yard,,
02918/6288,02918,6288,Pure White Jumbo ,,3200x1600,20,,Bellagio Yard,,
02923/6288,02923,6288,Pure White Jumbo ,,3200x1600,20,,Bellagio Yard,,
12233/330,12233,330,White Galaxy Jumbo ,,3200x1600,20,,Bellagio Yard,,
12242/B330,12242,B330,White Galaxy Jumbo ,,3200x1600,20,,Bellagio Yard,,
12257/B330,12257,B330,White Galaxy Jumbo ,,3200x1600,20,,Bellagio Yard,,
12258/B330,12258,B330,White Galaxy Jumbo ,,3200x1600,20,,Bellagio Yard,,
12259/B330,12259,B330,White Galaxy Jumbo ,,3200x1600,20,,Bellagio Yard,,
12261/B330,12261,B330,White Galaxy Jumbo ,,3200x1600,20,,Bellagio Yard,,
12269/B330,12269,B330,White Galaxy Jumbo ,,3200x1600,20,,Bellagio Yard,,
12302/B330,12302,B330,White Galaxy Jumbo ,,3200x1600,20,,Bellagio Yard,,
3526/5750,3526,5750,White Galaxy Jumbo ,,3200x1600,30,,Bellagio Yard,,
5537/5963,5537,5963,White Galaxy Jumbo ,,3200x1600,30,,Bellagio Yard,,
5539/5963,5539,5963,White Galaxy Jumbo ,,3200x1600,30,,Bellagio Yard,,
5544/5963,5544,5963,White Galaxy Jumbo ,,3200x1600,30,,Bellagio Yard,,
7580/6062,7580,6062,White Galaxy Jumbo ,,3200x1600,20,,Bellagio Yard,,
